NCT ID,Indication 1,Indication 2,Indication 3,Indication 4
NCT00441337,Non-small cell lung cancer (NSCLC),Colorectal cancer,Melanoma,Renal cell carcinoma (RCC)
NCT00703469,Hepatitis C treatment,Hepatitis C prophylaxis,,
NCT00730639,Prostate cancer,Renal cell carcinoma (RCC),Melanoma,Non-small cell lung cancer (NSCLC)
NCT00836888,Solid tumour indications,,,
NCT01024231,Melanoma,,,
NCT01042366,Melanoma,,,
NCT01176461,Melanoma,,,
NCT01176474,Melanoma,,,
NCT01354431,Renal cell carcinoma (RCC),,,
NCT01358721,Renal cell carcinoma (RCC),,,
NCT01454102,Non-small cell lung cancer (NSCLC),,,
NCT01469455,Melanoma,,,
NCT01472081,Renal cell carcinoma (RCC),Renal cell carcinoma (RCC),,
NCT01585194,Melanoma,Melanoma,,
NCT01592370,Non-Hodgkin lymphoma (NHL),Hodgkin lymphoma,Multiple myeloma,
NCT01621490,Melanoma,Melanoma,,
NCT01629758,General cancer indications,,,
NCT01642004,Non-small cell lung cancer (NSCLC),,,
NCT01658878,Hepatoma, liver cancer,,
NCT01668784,Renal cell carcinoma (RCC),,,
NCT01673867,Non-small cell lung cancer (NSCLC),,,
NCT01703949,Hodgkin lymphoma,Non-Hodgkin lymphoma (NHL),Hodgkin lymphoma,Non-Hodgkin lymphoma (NHL)
NCT01714739,Solid tumour indications,,,
NCT01716806,Hodgkin lymphoma,Non-Hodgkin lymphoma (NHL),,
NCT01721746,Melanoma,,,
NCT01721759,Non-small cell lung cancer (NSCLC),,,
NCT01721772,Melanoma,,,
NCT01783938,Melanoma,,,
NCT01822509,General blood malignancies,Leukaemia, chronic lymphocytic (CLL),Leukaemia
NCT01844505,Melanoma,,,
NCT01896999,Hodgkin lymphoma,Hodgkin lymphoma,,
NCT01927419,Melanoma,Melanoma,,
NCT01928394,Solid tumour indications,,,
NCT01928576,Non-small cell lung cancer (NSCLC),Non-small cell lung cancer (NSCLC),,
NCT01940809,Melanoma,Thyroid cancer,Thyroid cancer,Melanoma
NCT01968109,General cancer indications,,,
NCT01998126,Non-small cell lung cancer (NSCLC),,,
NCT02009449,Melanoma,Prostate cancer,Ovarian cancer,Renal cell carcinoma (RCC)
NCT02011945,Leukaemia, chronic myeloid (CML),,
NCT02017717,Glioblastoma multiforme,,,
NCT02038933,Non-Hodgkin lymphoma (NHL),,,
NCT02038946,Non-Hodgkin lymphoma (NHL),,,
NCT02041533,Non-small cell lung cancer (NSCLC),,,
NCT02046733,Small cell lung cancer (SCLC),Small cell lung cancer (SCLC),,
NCT02054520,Melanoma,Melanoma,,
NCT02060188,Colorectal cancer,Colorectal cancer,Colorectal cancer,Colorectal cancer
NCT02061761,General blood malignancies,,,
NCT02066636,Non-small cell lung cancer (NSCLC),,,
NCT02073123,Melanoma,Melanoma,Melanoma,
NCT02099058,Solid tumour indications,,,
NCT02105636,Head & neck cancers,,,
NCT02118337,General cancer indications,Renal cell carcinoma (RCC),Renal cell carcinoma (RCC),
NCT02124850,Head & neck cancers,,,
NCT02142218,Melanoma,,,
NCT02154490,Lung cancer,Lung cancer,,
NCT02156804,Melanoma,,,
NCT02175017,Non-small cell lung cancer (NSCLC),,,
NCT02181738,Hodgkin lymphoma,,,
NCT02186249,Melanoma,,,
NCT02194738,Non-small cell lung cancer (NSCLC),Non-small cell lung cancer (NSCLC),Non-small cell lung cancer (NSCLC),Non-small cell lung cancer (NSCLC)
NCT02196961,Neuroendocrine tumour,,,
NCT02210117,Renal cell carcinoma (RCC),Renal cell carcinoma (RCC),Renal cell carcinoma (RCC),
NCT02213289,Solid tumour indications,,,
NCT02224781,Melanoma,Melanoma,Melanoma,Melanoma
NCT02231749,Renal cell carcinoma (RCC),Renal cell carcinoma (RCC),,
NCT02243371,Pancreatic cancer,,,
NCT02247349,Small cell lung cancer (SCLC),,,
NCT02253992,Solid tumour indications,Non-Hodgkin lymphoma (NHL),,
NCT02257528,Cervical cancer,Cervical cancer,Cervical cancer,Cervical cancer
NCT02259231,Melanoma,Melanoma,Melanoma,
NCT02259621,Non-small cell lung cancer (NSCLC),,,
NCT02261285,Solid tumour indications,Solid tumour indications,,
NCT02261298,Solid tumour indications,Solid tumour indications,,
NCT02267343,Stomach cancer,,,
NCT02275533,Leukaemia, acute myeloid (AML),,
NCT02293980,Renal cell carcinoma (RCC),Renal cell carcinoma (RCC),Renal cell carcinoma (RCC),Renal cell carcinoma (RCC)
NCT02302339,Melanoma,,,
NCT02304458,Solid tumour indications,Neuroblastoma,Bone cancer (Osteosarcoma),Non-Hodgkin lymphoma (NHL)
NCT02309177,Breast cancer,Pancreatic cancer,,
NCT02311920,Glioma,Glioblastoma multiforme,,
NCT02314169,Colorectal cancer,Colorectal cancer,Anal cancer,
NCT02320058,Melanoma,,,
NCT02320292,Non-Hodgkin lymphoma (NHL),Non-Hodgkin lymphoma (NHL),Non-Hodgkin lymphoma (NHL),Non-Hodgkin lymphoma (NHL)
NCT02323126,Non-small cell lung cancer (NSCLC),,,
NCT02327078,Glioblastoma multiforme,Ovarian cancer,Non-Hodgkin lymphoma (NHL),Colorectal cancer
NCT02329847,General blood malignancies,,,
NCT02335918,Head & neck cancers,Renal cell carcinoma (RCC),Colorectal cancer,Glioblastoma multiforme
NCT02339558,Head & neck cancers,Head & neck cancers,Squamous cell carcinoma,Squamous cell carcinoma
NCT02339571,Melanoma,Melanoma,Melanoma,Melanoma
NCT02341625,General cancer indications,,,
NCT02350764,Non-small cell lung cancer (NSCLC),,,
NCT02357732,Melanoma,,,
NCT02374242,Melanoma,Brain metastases,,
NCT02379520,Human papillomavirus (HPV) infections,Human papillomavirus (HPV) infections,Human papillomavirus (HPV) infections,Human papillomavirus (HPV) infections
NCT02387996,Solid tumour indications,,,
NCT02388906,Melanoma,,,
NCT02393625,Non-small cell lung cancer (NSCLC),,,
NCT02393794,Breast cancer,Breast cancer,,
NCT02397720,Leukaemia, acute myeloid (AML),Leukaemia, acute
NCT02400385,Melanoma,,,
NCT02408861,Anal cancer,HIV treatment,Kaposi's sarcoma,Lung cancer
NCT02409368,Non-small cell lung cancer (NSCLC),,,
NCT02419417,Solid tumour indications,,,
NCT02419495,Solid tumour indications,Melanoma,Fallopian tube cancer,Solid tumour indications
NCT02420912,Leukaemia, chronic lymphocytic (CLL),Non-Hodgkin lymphoma (NHL),Leukaemia
NCT02421354,General liver disorders,Myelofibrosis,Myelofibrosis,Polycythaemia vera
NCT02423343,Solid tumour indications,Non-small cell lung cancer (NSCLC),Hepatoma, liver cancer
NCT02423863,Melanoma,Head & neck cancers,Soft tissue sarcoma,Skin cancer
NCT02423954,General cancer indications,Pancreatic cancer,Renal cell carcinoma (RCC),Non-small cell lung cancer (NSCLC)
NCT02426892,Solid tumour indications,,,
NCT02428192,Uterine cancer,Leiomyosarcoma,Leiomyosarcoma,
NCT02434081,Non-small cell lung cancer (NSCLC),,,
NCT02437279,Melanoma,,,
NCT02439450,Non-small cell lung cancer (NSCLC),,,
NCT02446860,Renal cell carcinoma (RCC),,,
NCT02451982,Pancreatic cancer,,,
NCT02453620,Breast cancer,Breast cancer,Solid tumour indications,Solid tumour indications
NCT02460068,Brain metastases,,,
NCT02464657,General blood malignancies,Leukaemia, acute myeloid (AML),Myelodysplastic syndrome (MDS)
NCT02465060,Non-Hodgkin lymphoma (NHL),Multiple myeloma,Multiple myeloma,Solid tumour indications
NCT02466568,Lung cancer,Non-small cell lung cancer (NSCLC),,
NCT02467361,General cancer indications,,,
NCT02469701,Non-small cell lung cancer (NSCLC),Lung cancer,Lung cancer,Non-small cell lung cancer (NSCLC)
NCT02472977,Solid tumour indications,,,
NCT02475382,Non-small cell lung cancer (NSCLC),Non-small cell lung cancer (NSCLC),,
NCT02476123,Solid tumour indications,,,
NCT02477826,Non-small cell lung cancer (NSCLC),,,
NCT02481830,Lung cancer,,,
NCT02483247,General cancer indications,,,
NCT02488759,Solid tumour indications,,,
NCT02496208,Bone cancer (Osteosarcoma),Penile cancer,Bladder cancer,Bladder cancer
NCT02497508,Mesothelioma,,,
NCT02498600,Fallopian tube cancer,Ovarian cancer,Ovarian cancer,
NCT02499367,Breast cancer,,,
NCT02500797,Soft tissue sarcoma,Soft tissue sarcoma,Soft tissue sarcoma,Soft tissue sarcoma
NCT02504489,Non-small cell lung cancer (NSCLC),,,
NCT02518958,Solid tumour indications,Non-Hodgkin lymphoma (NHL),,
NCT02519322,Melanoma,Melanoma,Melanoma,Melanoma
NCT02523313,Melanoma,,,
NCT02523469,Non-small cell lung cancer (NSCLC),,,
NCT02526017,Pancreatic cancer,Head & neck cancers,Ovarian cancer,Renal cell carcinoma (RCC)
NCT02529072,Glioma,Glioma,Glioblastoma multiforme,
NCT02530463,General blood malignancies,Myelodysplastic syndrome (MDS),Myelodysplastic syndrome (MDS),
NCT02532231,Myelodysplastic syndrome (MDS),Leukaemia, acute myeloid (AML),Leukaemia
NCT02534506,Solid tumour indications,,,
NCT02538666,Lung cancer,,,
NCT02550249,Glioblastoma multiforme,,,
NCT02551211,Non-small cell lung cancer (NSCLC),,,
NCT02553642,Bladder cancer,Melanoma,,
NCT02569242,Oesophageal cancer,,,
NCT02572167,Hodgkin lymphoma,,,
NCT02574078,Non-small cell lung cancer (NSCLC),,,
NCT02574598,Non-small cell lung cancer (NSCLC),,,
NCT02575222,Renal cell carcinoma (RCC),,,
NCT02576509,Hepatoma, liver cancer,,
NCT02581228,Melanoma,,,
NCT02581631,Non-Hodgkin lymphoma (NHL),,,
NCT02582125,Non-small cell lung cancer (NSCLC),,,
NCT02593786,Solid tumour indications,,,
NCT02595918,Renal cell carcinoma (RCC),Renal cell carcinoma (RCC),Renal cell carcinoma (RCC),Renal cell carcinoma (RCC)
NCT02595944,Non-small cell lung cancer (NSCLC),Non-small cell lung cancer (NSCLC),Non-small cell lung cancer (NSCLC),Non-small cell lung cancer (NSCLC)
NCT02596035,Renal cell carcinoma (RCC),,,
NCT02598960,Solid tumour indications,,,
NCT02599402,Melanoma,,,
NCT02599649,General blood malignancies,,,
NCT02601014,Prostate cancer,Prostate cancer,Prostate cancer,
NCT02612779,Multiple myeloma,,,
NCT02613507,Non-small cell lung cancer (NSCLC),,,
NCT02614456,Solid tumour indications,,,
NCT02617589,Brain cancer,,,
NCT02621515,Melanoma,Brain metastases,,
NCT02626065,Melanoma,,,
NCT02626962,Melanoma,,,
NCT02628574,Solid tumour indications,,,
NCT02631447,Melanoma,,,
NCT02631746,Leukaemia, T-cell,Leukaemia, T-cell
NCT02632409,Solid tumour indications,,,
NCT02635061,Non-small cell lung cancer (NSCLC),,,
NCT02636036,Colorectal cancer,Head & neck cancers,,
NCT02637531,Solid tumour indications,Non-small cell lung cancer (NSCLC),Melanoma,Head & neck cancers
NCT02639234,Non-small cell lung cancer (NSCLC),Non-small cell lung cancer (NSCLC),Lung cancer,
NCT02648633,Glioblastoma multiforme,,,
NCT02648997,Brain cancer,,,
NCT02652455,Melanoma,Skin cancer, non-melanoma,
NCT02656706,Melanoma,,,
NCT02658890,General cancer indications,Melanoma,Non-small cell lung cancer (NSCLC),
NCT02658981,Glioblastoma multiforme,Glioma,Brain cancer,
NCT02659059,Non-small cell lung cancer (NSCLC),,,
NCT02659540,Melanoma,,,
NCT02663518,General blood malignancies,Solid tumour indications,,
NCT02664181,Lung cancer,Non-small cell lung cancer (NSCLC),,
NCT02666105,Non-small cell lung cancer (NSCLC),,,
NCT02667587,Brain cancer,,,
NCT02681302,Multiple myeloma,Non-Hodgkin lymphoma (NHL),,
NCT02684253,Head & neck cancers,,,
NCT02693535,Non-Hodgkin lymphoma (NHL),Multiple myeloma,Solid tumour indications,
NCT02696356,Melanoma,,,
NCT02696993,Brain metastases,Non-small cell lung cancer (NSCLC),,
NCT02700971,Melanoma,,,
NCT02702492,Non-Hodgkin lymphoma (NHL),Solid tumour indications,,
NCT02705105,Solid tumour indications,General cancer indications,Solid tumour indications,Hepatoma
NCT02712905,General cancer indications,,,
NCT02713867,Lung cancer,,,
NCT02714218,Melanoma,,,
NCT02716272,Mesothelioma,,,
NCT02716948,Brain metastases,Melanoma,,
NCT02718066,Melanoma,Renal cell carcinoma (RCC),Non-small cell lung cancer (NSCLC),
NCT02719613,Multiple myeloma,,,
NCT02720484,Renal cell carcinoma (RCC),Renal cell carcinoma (RCC),Renal cell carcinoma (RCC),Renal cell carcinoma (RCC)
NCT02723006,Melanoma,,,
NCT02726581,Multiple myeloma,,,
NCT02731729,Melanoma,,,
NCT02736123,Melanoma,,,
NCT02737475,General cancer indications,,,
NCT02737787,Ovarian cancer,Fallopian tube cancer,Ovarian cancer,Ovarian cancer
NCT02741570,Head & neck cancers,,,
NCT02743494,General cancer indications,,,
NCT02746796,Stomach cancer,,,
NCT02750514,General cancer indications,,,
NCT02754141,Solid tumour indications,,,
NCT02754726,Pancreatic cancer,,,
NCT02758717,Hodgkin lymphoma,Hodgkin lymphoma,Hodgkin lymphoma,Hodgkin lymphoma
NCT02763761,Renal cell carcinoma (RCC),Melanoma,Lung cancer,
NCT02764593,Head & neck cancers,,,
NCT02768558,Non-small cell lung cancer (NSCLC),,,
NCT02771626,Renal cell carcinoma (RCC),Melanoma,Non-small cell lung cancer (NSCLC),
NCT02775292,Solid tumour indications,Solid tumour indications,Solid tumour indications,
NCT02781506,Renal cell carcinoma (RCC),,,
NCT02785952,Lung cancer,Lung cancer,,
NCT02796352,Melanoma,,,
NCT02799901,Melanoma,,,
NCT02812667,Non-small cell lung cancer (NSCLC),,,
NCT02817633,General cancer indications,,,
NCT02819804,Leukaemia, acute lymphocytic (ALL),Leukaemia, acute lymphocytic (ALL)
NCT02821013,Melanoma,,,
NCT02823574,Head & neck cancers,,,
NCT02823990,Non-small cell lung cancer (NSCLC),Non-small cell lung cancer (NSCLC),Non-small cell lung cancer (NSCLC),Non-small cell lung cancer (NSCLC)
NCT02828098,General cancer indications,,,
NCT02828124,Hepatoma, liver cancer,,
NCT02829918,Biliary cancer,Biliary cancer,,
NCT02829931,Glioma,,,
NCT02831933,Non-small cell lung cancer (NSCLC),Non-small cell lung cancer (NSCLC),Melanoma,
NCT02832167,General cancer indications,,,
NCT02833233,Breast cancer,,,
NCT02834013,Renal cell carcinoma (RCC),Pheochromocytoma,Neuroendocrine tumour,Anal cancer
NCT02834247,Breast cancer,Non-small cell lung cancer (NSCLC),Head & neck cancers,Solid tumour indications
NCT02837029,Hepatoma, liver cancer,Hepatoma, liver cancer
NCT02840994,Non-small cell lung cancer (NSCLC),,,
NCT02842125,Solid tumour indications,Head & neck cancers,,
NCT02845323,Bladder cancer,Bladder cancer,,
NCT02846376,Myelodysplastic syndrome (MDS),Leukaemia, acute myeloid (AML),
NCT02846792,Non-small cell lung cancer (NSCLC),Non-small cell lung cancer (NSCLC),Non-small cell lung cancer (NSCLC),Non-small cell lung cancer (NSCLC)
NCT02847728,Melanoma,Lung cancer,,
NCT02848443,Colorectal cancer,,,
NCT02852083,Non-small cell lung cancer (NSCLC),Non-small cell lung cancer (NSCLC),Non-small cell lung cancer (NSCLC),
NCT02856451,Other neurological indications,,,
NCT02857426,Non-Hodgkin lymphoma (NHL),,,
NCT02857569,Melanoma,,,
NCT02858921,Melanoma,,,
NCT02859324,Hepatoma, liver cancer,,
NCT02860546,Colorectal cancer,,,
NCT02862535,Stomach cancer,,,
NCT02864251,Non-small cell lung cancer (NSCLC),,,
NCT02864316,Solid tumour indications,,,
NCT02864381,Stomach cancer,Gastro-intestinal adenocarcinoma,,
NCT02866383,Pancreatic cancer,Biliary cancer,,
NCT02869789,Lung cancer,,,
NCT02872116,Stomach cancer,Oesophageal cancer,Stomach cancer,
NCT02873962,Ovarian cancer,Ovarian cancer,Fallopian tube cancer,
NCT02879695,Leukaemia, acute lymphocytic (ALL),Leukaemia, acute lymphocytic (ALL)
NCT02880020,Gastro-intestinal stromal tumours (GIST),,,
NCT02890368,Solid tumour indications,Non-Hodgkin lymphoma (NHL),Melanoma,Neuroendocrine tumour
NCT02891733,Non-small cell lung cancer (NSCLC),,,
NCT02892734,Breast cancer,Breast cancer,Breast cancer,Breast cancer
NCT02897765,Bladder cancer,Bladder cancer,Bladder cancer,Melanoma
NCT02899078,Renal cell carcinoma (RCC),Renal cell carcinoma (RCC),,
NCT02899299,Mesothelioma,,,
NCT02901145,Solid tumour indications,,,
NCT02903381,Multiple myeloma,,,
NCT02904226,General cancer indications,,,
NCT02905266,Melanoma,,,
NCT02910700,Melanoma,Melanoma,Melanoma,Melanoma
NCT02910999,Non-small cell lung cancer (NSCLC),,,
NCT02913313,Solid tumour indications,,,
NCT02913417,Melanoma,Hepatoma, liver cancer,
NCT02914405,Neuroblastoma,,,
NCT02917772,Renal cell carcinoma (RCC),Renal cell carcinoma (RCC),,
NCT02919683,Head & neck cancers,,,
NCT02922283,Melanoma,,,
NCT02922764,General cancer indications,,,
NCT02923531,Renal cell carcinoma (RCC),,,
NCT02923934,Solid tumour indications,Neuroendocrine tumour,Solid tumour indications,
NCT02924233,Non-small cell lung cancer (NSCLC),,,
NCT02925234,General cancer indications,Solid tumour indications,Solid tumour indications,General cancer indications
NCT02927769,Hodgkin lymphoma,,,
NCT02933255,Prostate cancer,,,
NCT02933346,Non-small cell lung cancer (NSCLC),,,
NCT02935634,Stomach cancer,,,
NCT02935790,Melanoma,,,
NCT02938728,Melanoma,,,
NCT02939300,Neoplastic meningitis,,,
NCT02940301,Hodgkin lymphoma,,,
NCT02940639,Renal cell carcinoma (RCC),,,
NCT02941744,Melanoma,Melanoma,,
NCT02944396,Non-small cell lung cancer (NSCLC),,,
NCT02946671,Stomach cancer,Oesophageal cancer,Lung cancer,Renal cell carcinoma (RCC)
NCT02947386,Non-small cell lung cancer (NSCLC),Non-small cell lung cancer (NSCLC),Non-small cell lung cancer (NSCLC),Non-small cell lung cancer (NSCLC)
NCT02948348,Colorectal cancer,,,
NCT02949843,Non-small cell lung cancer (NSCLC),Non-small cell lung cancer (NSCLC),Non-small cell lung cancer (NSCLC),
NCT02950038,Non-small cell lung cancer (NSCLC),,,
NCT02954991,Non-small cell lung cancer (NSCLC),,,
NCT02955251,Solid tumour indications,,,
NCT02955290,Head & neck cancers,Non-small cell lung cancer (NSCLC),Ovarian cancer,Head & neck cancers
NCT02959554,Renal cell carcinoma (RCC),,,
NCT02960230,Glioma,Glioma,Glioma,
NCT02960854,Bacteraemia,,,
NCT02960906,Renal cell carcinoma (RCC),,,
NCT02962804,Renal cell carcinoma (RCC),,,
NCT02966548,General cancer indications,,,
NCT02967133,Non-small cell lung cancer (NSCLC),Non-small cell lung cancer (NSCLC),Non-small cell lung cancer (NSCLC),Non-small cell lung cancer (NSCLC)
NCT02968303,Melanoma,,,
NCT02970981,Melanoma,,,
NCT02973113,Non-Hodgkin lymphoma (NHL),Other immune indications,General blood malignancies,General blood malignancies
NCT02977052,Melanoma,,,
NCT02978404,Renal cell carcinoma (RCC),Non-small cell lung cancer (NSCLC),Bone metastases,Small cell lung cancer (SCLC)
NCT02978443,Melanoma,Melanoma,,
NCT02978625,Skin cancer, non-melanoma,Skin cancer, non-melanoma
NCT02982486,Soft tissue sarcoma,Bone cancer (Osteosarcoma),Bone cancer (Osteosarcoma),Bone cancer (Osteosarcoma)
NCT02982954,Renal cell carcinoma (RCC),,,
NCT02983006,Melanoma,,,
NCT02983045,Melanoma,Non-small cell lung cancer (NSCLC),Renal cell carcinoma (RCC),Bladder cancer
NCT02985554,General blood malignancies,,,
NCT02985957,Prostate cancer,,,
NCT02989636,Solid tumour indications,,,
NCT02989714,Renal cell carcinoma (RCC),,,
NCT02990611,Melanoma,,,
NCT02991196,Colorectal cancer,,,
NCT02992964,Solid tumour indications,,,
NCT02996110,General cancer indications,,,
NCT02998528,Non-small cell lung cancer (NSCLC),,,
NCT02999295,Stomach cancer,Oesophageal cancer,Stomach cancer,
NCT03001882,Non-small cell lung cancer (NSCLC),,,
NCT03003637,Other immune indications,Head & neck cancers,,
NCT03004833,Hodgkin lymphoma,,,
NCT03006705,Stomach cancer,,,
NCT03009058,General cancer indications,,,
NCT03012581,Renal cell carcinoma (RCC),Head & neck cancers,Skin cancer, non-melanoma
NCT03013335,Renal cell carcinoma (RCC),,,
NCT03014648,Non-small cell lung cancer (NSCLC),,,
NCT03014804,Glioblastoma multiforme,Glioma,Glioma,Glioblastoma multiforme
NCT03015740,Renal cell carcinoma (RCC),Renal cell carcinoma (RCC),Renal cell carcinoma (RCC),Renal cell carcinoma (RCC)
NCT03015896,Non-Hodgkin lymphoma (NHL),Non-Hodgkin lymphoma (NHL),Non-Hodgkin lymphoma (NHL),Non-Hodgkin lymphoma (NHL)
NCT03016871,Hodgkin lymphoma,Hodgkin lymphoma,,
NCT03021993,Head & neck cancers,,,
NCT03023527,Multiple myeloma,,,
NCT03023904,Non-small cell lung cancer (NSCLC),Non-small cell lung cancer (NSCLC),,
NCT03025256,Melanoma,Melanoma,Melanoma,Melanoma
NCT03026140,Colorectal cancer,,,
NCT03026166,Small cell lung cancer (SCLC),,,
NCT03029780,Renal cell carcinoma (RCC),,,
NCT03033446,Hepatoma, liver cancer,,
NCT03033576,Melanoma,Melanoma,Melanoma,Melanoma
NCT03033914,Hodgkin lymphoma,,,
NCT03035890,Non-small cell lung cancer (NSCLC),,,
NCT03036098,Bladder cancer,,,
NCT03038672,Non-Hodgkin lymphoma (NHL),Non-Hodgkin lymphoma (NHL),Non-Hodgkin lymphoma (NHL),Non-Hodgkin lymphoma (NHL)
NCT03040791,Prostate cancer,,,
NCT03041181,Non-small cell lung cancer (NSCLC),Non-small cell lung cancer (NSCLC),Lung cancer,Non-small cell lung cancer (NSCLC)
NCT03043599,Small cell lung cancer (SCLC),Small cell lung cancer (SCLC),,
NCT03044613,Stomach cancer,Oesophageal cancer,Oesophageal cancer,
NCT03044626,Non-small cell lung cancer (NSCLC),Lung cancer,Non-small cell lung cancer (NSCLC),Non-small cell lung cancer (NSCLC)
NCT03047928,Melanoma,,,
NCT03048136,Non-small cell lung cancer (NSCLC),,,
NCT03048474,Mesothelioma,,,
NCT03048500,Non-small cell lung cancer (NSCLC),Non-small cell lung cancer (NSCLC),Non-small cell lung cancer (NSCLC),Non-small cell lung cancer (NSCLC)
NCT03050060,Melanoma,Renal cell carcinoma (RCC),Renal cell carcinoma (RCC),Non-small cell lung cancer (NSCLC)
NCT03055013,Renal cell carcinoma (RCC),Renal cell carcinoma (RCC),Renal cell carcinoma (RCC),Renal cell carcinoma (RCC)
NCT03056599,Soft tissue sarcoma,,,
NCT03057795,Hodgkin lymphoma,Hodgkin lymphoma,Hodgkin lymphoma,
NCT03059147,Hepatoma, liver cancer,,
NCT03061188,Solid tumour indications,Non-Hodgkin lymphoma (NHL),Solid tumour indications,Non-Hodgkin lymphoma (NHL)
NCT03061539,Prostate cancer,,,
NCT03061955,Influenza treatment,Influenza treatment,Influenza prophylaxis,General cancer indications
NCT03063450,Mesothelioma,,,
NCT03065179,Renal cell carcinoma (RCC),Renal cell carcinoma (RCC),Renal cell carcinoma (RCC),
NCT03068455,Melanoma,,,
NCT03071094,Hepatoma, liver cancer,,
NCT03071406,Neuroendocrine tumour,Skin cancer, non-melanoma,
NCT03075423,Renal cell carcinoma (RCC),,,
NCT03075553,Leukaemia, acute myeloid (AML),Non-Hodgkin lymphoma (NHL),General viral indications
NCT03080974,Pancreatic cancer,,,
NCT03081689,Non-small cell lung cancer (NSCLC),,,
NCT03083691,Non-small cell lung cancer (NSCLC),Small cell lung cancer (SCLC),,
NCT03090737,Non-small cell lung cancer (NSCLC),,,
NCT03091491,Non-small cell lung cancer (NSCLC),,,
NCT03092674,Leukaemia, acute myeloid (AML),Myelodysplastic syndrome (MDS),
NCT03097939,Head & neck cancers,,,
NCT03098550,General cancer indications,,,
NCT03100006,Ovarian cancer,,,
NCT03101566,Biliary cancer,,,
NCT03104439,Colorectal cancer,Pancreatic cancer,Colorectal cancer,
NCT03106610,Bladder cancer,,,
NCT03107182,Squamous cell carcinoma,Head & neck cancers,,
NCT03110107,General cancer indications,,,
NCT03110978,Non-small cell lung cancer (NSCLC),Non-small cell lung cancer (NSCLC),Neuroendocrine tumour,Non-small cell lung cancer (NSCLC)
NCT03113188,Solid tumour indications,,,
NCT03114163,Head & neck cancers,,,
NCT03115801,Renal cell carcinoma (RCC),Bladder cancer,,
NCT03117049,Non-small cell lung cancer (NSCLC),,,
NCT03117309,Renal cell carcinoma (RCC),,,
NCT03119428,Solid tumour indications,General cancer indications,,
NCT03121417,Non-small cell lung cancer (NSCLC),Non-small cell lung cancer (NSCLC),,
NCT03121677,Non-Hodgkin lymphoma (NHL),,,
NCT03122522,Melanoma,,,
NCT03123783,General cancer indications,Non-small cell lung cancer (NSCLC),Melanoma,Lung cancer
NCT03126110,General blood malignancies,General cancer indications,,
NCT03126331,Renal cell carcinoma (RCC),,,
NCT03126461,Melanoma,Melanoma,,
NCT03126643,General cancer indications,,,
NCT03130764,Non-small cell lung cancer (NSCLC),,,
NCT03130959,Solid tumour indications,,,
NCT03132038,Head & neck cancers,General cancer indications,Solid tumour indications,
NCT03132493,Non-small cell lung cancer (NSCLC),,,
NCT03132675,Melanoma,,,
NCT03134118,Solid tumour indications,Solid tumour indications,,
NCT03136627,Renal cell carcinoma (RCC),,,
NCT03138161,Soft tissue sarcoma,Soft tissue sarcoma,,
NCT03138499,Hodgkin lymphoma,,,
NCT03138512,Renal cell carcinoma (RCC),,,
NCT03138889,Non-small cell lung cancer (NSCLC),Melanoma,Bladder cancer,Head & neck cancers
NCT03140137,General inflammatory disorders,General cancer indications,,
NCT03141177,Renal cell carcinoma (RCC),,,
NCT03143153,Solid tumour indications,,,
NCT03143270,Hepatoma, liver cancer,,
NCT03146468,General blood malignancies,,,
NCT03146650,Head & neck cancers,Head & neck cancers,Head & neck cancers,Head & neck cancers
NCT03149120,Soft tissue sarcoma,,,
NCT03149159,Renal cell carcinoma (RCC),Renal cell carcinoma (RCC),,
NCT03155061,Solid tumour indications,,,
NCT03156868,Non-small cell lung cancer (NSCLC),,,
NCT03158129,Non-small cell lung cancer (NSCLC),Non-small cell lung cancer (NSCLC),Non-small cell lung cancer (NSCLC),Non-small cell lung cancer (NSCLC)
NCT03158272,General blood malignancies,,,
NCT03161379,Pancreatic cancer,,,
NCT03161613,General cancer indications,,,
NCT03161756,Melanoma,Melanoma,Melanoma,
NCT03162731,Head & neck cancers,,,
NCT03165409,Melanoma,,,
NCT03165422,Melanoma,,,
NCT03167177,Melanoma,,,
NCT03168464,Non-small cell lung cancer (NSCLC),,,
NCT03169738,Non-small cell lung cancer (NSCLC),,,
NCT03169764,Head & neck cancers,,,
NCT03169777,Colorectal cancer,,,
NCT03171025,Bladder cancer,,,
NCT03171064,Melanoma,,,
NCT03172416,Solid tumour indications,,,
NCT03172624,Head & neck cancers,,,
NCT03172754,Renal cell carcinoma (RCC),,,
NCT03173950,Glioma,Brain cancer,Brain cancer,
NCT03176173,Non-small cell lung cancer (NSCLC),,,
NCT03177239,Renal cell carcinoma (RCC),Renal cell carcinoma (RCC),Renal cell carcinoma (RCC),Renal cell carcinoma (RCC)
NCT03181308,Non-small cell lung cancer (NSCLC),,,
NCT03184194,Multiple myeloma,,,
NCT03184870,Colorectal cancer,Pancreatic cancer,,
NCT03190174,Bone cancer (Osteosarcoma),Solid tumour indications,Soft tissue sarcoma,Soft tissue sarcoma
NCT03190265,Pancreatic cancer,,,
NCT03192943,General cancer indications,,,
NCT03195478,Solid tumour indications,,,
NCT03195491,Lung cancer,Non-small cell lung cancer (NSCLC),,
NCT03197636,Melanoma,,,
NCT03200977,Non-Hodgkin lymphoma (NHL),,,
NCT03203304,Hepatoma, liver cancer,,
NCT03203473,Renal cell carcinoma (RCC),,,
NCT03203876,General cancer indications,,,
NCT03205722,Melanoma,,,
NCT03214250,Pancreatic cancer,,,
NCT03215706,Non-small cell lung cancer (NSCLC),,,
NCT03215810,Non-small cell lung cancer (NSCLC),Non-small cell lung cancer (NSCLC),Squamous cell carcinoma,Non-small cell lung cancer (NSCLC)
NCT03219671,Kaposi's sarcoma,,,
NCT03219775,Bladder cancer,General cancer indications,General cancer indications,
NCT03220009,Cervical cancer,Oesophageal cancer,Melanoma,Melanoma
NCT03222076,Hepatoma, liver cancer,Hepatoma, liver cancer
NCT03223155,Small cell lung cancer (SCLC),,,
NCT03224871,Non-small cell lung cancer (NSCLC),,,
NCT03225365,Melanoma,,,
NCT03226756,Head & neck cancers,,,
NCT03227432,Multiple myeloma,,,
NCT03228667,Non-small cell lung cancer (NSCLC),Small cell lung cancer (SCLC),Bladder cancer,Head & neck cancers
NCT03229278,Non-Hodgkin lymphoma (NHL),Solid tumour indications,Melanoma,Renal cell carcinoma (RCC)
NCT03233152,Glioblastoma multiforme,,,
NCT03233347,Hodgkin lymphoma,Hodgkin lymphoma,Hodgkin lymphoma,Hodgkin lymphoma
NCT03233711,Anal cancer,Anal cancer,Anal cancer,Anal cancer
NCT03235245,Melanoma,Melanoma,,
NCT03238365,Head & neck cancers,,,
NCT03241173,General blood malignancies,,,
NCT03241186,Melanoma,,,
NCT03241745,Uterine cancer,Uterine cancer,Soft tissue sarcoma,Leiomyosarcoma
NCT03241927,Melanoma,,,
NCT03245021,Non-Hodgkin lymphoma (NHL),,,
NCT03245892,Ovarian cancer,Fallopian tube cancer,Ovarian cancer,
NCT03246958,Thyroid cancer,,,
NCT03247712,Head & neck cancers,Head & neck cancers,,
NCT03250273,Pancreatic cancer,Biliary cancer,Pancreatic cancer,Pancreatic cancer
NCT03251612,Colorectal cancer,,,
NCT03251924,General cancer indications,Solid tumour indications,Solid tumour indications,General cancer indications
NCT03256136,Lung cancer,,,
NCT03258567,Epstein-Barr virus (EBV) infections,Non-Hodgkin lymphoma (NHL),Other immune indications,General blood malignancies
NCT03259425,Melanoma,,,
NCT03259516,Myelodysplastic syndrome (MDS),,,
NCT03259529,Non-Hodgkin lymphoma (NHL),,,
NCT03259867,Colorectal cancer,Hepatoma, liver cancer,Stomach cancer
NCT03262779,Non-small cell lung cancer (NSCLC),,,
NCT03267498,Head & neck cancers,,,
NCT03271047,Colorectal cancer,,,
NCT03273790,Non-small cell lung cancer (NSCLC),,,
NCT03274258,Renal cell carcinoma (RCC),Non-Hodgkin lymphoma (NHL),Renal cell carcinoma (RCC),
NCT03275506,Ovarian cancer,,,
NCT03277924,Soft tissue sarcoma,Bone cancer (Osteosarcoma),,
NCT03278626,Oesophageal cancer,,,
NCT03282344,Soft tissue sarcoma,,,
NCT03283046,Leukaemia, chronic lymphocytic (CLL),Multiple myeloma,
NCT03285321,Non-small cell lung cancer (NSCLC),,,
NCT03287674,Ovarian cancer,,,
NCT03292263,Multiple myeloma,,,
NCT03293784,Melanoma,,,
NCT03294304,Bladder cancer,,,
NCT03296137,General cancer indications,,,
NCT03297593,Renal cell carcinoma (RCC),,,
NCT03297606,Non-Hodgkin lymphoma (NHL),Multiple myeloma,Solid tumour indications,
NCT03298893,Cervical cancer,Cervical cancer,,
NCT03299946,Hepatoma, liver cancer,,
NCT03301636,Melanoma,,,
NCT03302247,Non-small cell lung cancer (NSCLC),,,
NCT03304093,Non-small cell lung cancer (NSCLC),Non-small cell lung cancer (NSCLC),HIV treatment,
NCT03305445,Non-Hodgkin lymphoma (NHL),Non-Hodgkin lymphoma (NHL),,
NCT03307603,Colorectal cancer,,,
NCT03307616,Soft tissue sarcoma,Soft tissue sarcoma,Soft tissue sarcoma,Soft tissue sarcoma
NCT03310619,Non-Hodgkin lymphoma (NHL),Non-Hodgkin lymphoma (NHL),Non-Hodgkin lymphoma (NHL),
NCT03311334,General cancer indications,Melanoma,Solid tumour indications,Non-small cell lung cancer (NSCLC)
NCT03311789,Biliary cancer,,,
NCT03311958,Non-Hodgkin lymphoma (NHL),,,
NCT03313544,Melanoma,Non-small cell lung cancer (NSCLC),Lung cancer,
NCT03313804,Non-small cell lung cancer (NSCLC),Head & neck cancers,,
NCT03316274,Kaposi's sarcoma,HIV treatment,Immune suppression,
NCT03316586,Breast cancer,,,
NCT03317327,Head & neck cancers,,,
NCT03325257,Melanoma,,,
NCT03325816,Small cell lung cancer (SCLC),Small cell lung cancer (SCLC),,
NCT03326258,Solid tumour indications,Breast cancer,Solid tumour indications,Breast cancer
NCT03326752,Non-small cell lung cancer (NSCLC),,,
NCT03329846,Melanoma,Skin cancer, non-melanoma,
NCT03330834,Lung cancer,,,
NCT03333616,Solid tumour indications,Adrenocortical carcinoma (ACC),Penile cancer,Prostate cancer
NCT03333746,Multiple myeloma,Multiple myeloma,,
NCT03335540,General cancer indications,,,
NCT03336216,Pancreatic cancer,,,
NCT03337919,Hodgkin lymphoma,,,
NCT03338790,Prostate cancer,,,
NCT03340129,Melanoma,,,
NCT03341143,Melanoma,,,
NCT03341936,Head & neck cancers,,,
NCT03342352,Head & neck cancers,,,
NCT03342417,Breast cancer,Ovarian cancer,Stomach cancer,
NCT03342911,Head & neck cancers,Head & neck cancers,Head & neck cancers,Head & neck cancers
NCT03343652,Hodgkin lymphoma,,,
NCT03343665,Hodgkin lymphoma,,,
NCT03347123,Solid tumour indications,,,
NCT03347838,Smoking cessation,Non-small cell lung cancer (NSCLC),Head & neck cancers,
NCT03348891,Melanoma,,,
NCT03348904,Lung cancer,,,
NCT03349710,Head & neck cancers,,,
NCT03350126,Colorectal cancer,,,
NCT03351231,General cancer indications,,,
NCT03351361,Non-small cell lung cancer (NSCLC),,,
NCT03353675,Non-small cell lung cancer (NSCLC),,,
NCT03354962,Melanoma,,,
NCT03355560,Head & neck cancers,,,
NCT03355976,Ovarian cancer,Fallopian tube cancer,Ovarian cancer,Renal cell carcinoma (RCC)
NCT03356470,Melanoma,,,
NCT03358719,Leukaemia, acute myeloid (AML),General blood malignancies,Leukaemia
NCT03363776,General cancer indications,,,
NCT03366272,Non-Hodgkin lymphoma (NHL),,,
NCT03366766,Non-small cell lung cancer (NSCLC),Non-small cell lung cancer (NSCLC),Non-small cell lung cancer (NSCLC),Non-small cell lung cancer (NSCLC)
NCT03367715,Glioblastoma multiforme,,,
NCT03367741,Uterine cancer,Uterine cancer,Uterine cancer,Uterine cancer
NCT03369223,General cancer indications,,,
NCT03370276,Head & neck cancers,Head & neck cancers,Head & neck cancers,Head & neck cancers
NCT03371381,Non-small cell lung cancer (NSCLC),,,
NCT03371992,Non-small cell lung cancer (NSCLC),,,
NCT03373188,Colorectal cancer,Colorectal cancer,Pancreatic cancer,Pancreatic cancer
NCT03373955,Non-small cell lung cancer (NSCLC),,,
NCT03374839,Melanoma,,,
NCT03377023,Non-small cell lung cancer (NSCLC),Non-small cell lung cancer (NSCLC),Non-small cell lung cancer (NSCLC),
NCT03377361,Colorectal cancer,Colorectal cancer,Colorectal cancer,Colorectal cancer
NCT03379012,Renal cell carcinoma (RCC),,,
NCT03380130,Hepatoma, liver cancer,,
NCT03381118,Leukaemia, acute myeloid (AML),,
NCT03382496,Lung cancer,,,
NCT03382561,Small cell lung cancer (SCLC),Small cell lung cancer (SCLC),,
NCT03382886,Hepatoma, liver cancer,,
NCT03382912,Non-small cell lung cancer (NSCLC),,,
NCT03383302,Non-small cell lung cancer (NSCLC),Non-small cell lung cancer (NSCLC),,
NCT03383458,Hepatoma, liver cancer,Hepatoma, liver cancer
NCT03386838,Head & neck cancers,,,
NCT03387540,General cardiovascular indications,General cardiovascular indications,,
NCT03387761,Bladder cancer,,,
NCT03388190,Colorectal cancer,,,
NCT03388632,Solid tumour indications,Solid tumour indications,,
NCT03390738,Head & neck cancers,,,
NCT03391869,Non-small cell lung cancer (NSCLC),Non-small cell lung cancer (NSCLC),Lung cancer,
NCT03396211,General cancer indications,,,
NCT03400332,General cancer indications,,,
NCT03402737,Head & neck cancers,,,
NCT03404960,Pancreatic cancer,,,
NCT03405155,Melanoma,,,
NCT03406247,Head & neck cancers,,,
NCT03406715,Small cell lung cancer (SCLC),Lung cancer,Small cell lung cancer (SCLC),
NCT03406871,Solid tumour indications,,,
NCT03409198,Breast cancer,Solid tumour indications,Breast cancer,
NCT03409848,Stomach cancer,Oesophageal cancer,Stomach cancer,Stomach cancer
NCT03414684,Breast cancer,,,
NCT03414983,Colorectal cancer,,,
NCT03416244,Oesophageal cancer,Oesophageal cancer,Oesophageal cancer,Oesophageal cancer
NCT03417037,Lung cancer,Non-small cell lung cancer (NSCLC),,
NCT03417154,Leukaemia, acute myeloid (AML),Myelodysplastic syndrome (MDS),
NCT03418922,Hepatoma, liver cancer,,
NCT03420521,Neuroendocrine tumour,Neuroendocrine tumour,,
NCT03421652,Bladder cancer,Bladder cancer,Bladder cancer,
NCT03422094,Glioblastoma multiforme,,,
NCT03425279,Solid tumour indications,Non-small cell lung cancer (NSCLC),Pancreatic cancer,Melanoma
NCT03425292,Glioma,,,
NCT03425331,Non-small cell lung cancer (NSCLC),,,
NCT03425461,Melanoma,Melanoma,Melanoma,Melanoma
NCT03430479,Breast cancer,,,
NCT03430791,Glioblastoma multiforme,,,
NCT03431948,General cancer indications,,,
NCT03432741,Breast cancer,Breast cancer,Hodgkin lymphoma,Non-Hodgkin lymphoma (NHL)
NCT03433534,Renal cell carcinoma (RCC),Lung cancer,,
NCT03435640,Melanoma,Neuroendocrine tumour,Breast cancer,Renal cell carcinoma (RCC)
NCT03436862,Hodgkin lymphoma,,,
NCT03437200,Oesophageal cancer,,,
NCT03438279,Melanoma,,,
NCT03439891,Hepatoma, liver cancer,Hepatoma, liver cancer
NCT03442569,Colorectal cancer,,,
NCT03443856,Stomach cancer,,,
NCT03444753,General cancer indications,,,
NCT03444766,Non-small cell lung cancer (NSCLC),Non-small cell lung cancer (NSCLC),Non-small cell lung cancer (NSCLC),Renal cell carcinoma (RCC)
NCT03446040,General cancer indications,,,
NCT03447470,General cancer indications,Solid tumour indications,,
NCT03448497,Melanoma,,,
NCT03449108,Bone cancer (Osteosarcoma),Bone cancer (Osteosarcoma),Bone cancer (Osteosarcoma),Bone cancer (Osteosarcoma)
NCT03451331,Bladder cancer,,,
NCT03452579,Glioblastoma multiforme,,,
NCT03453164,Stomach cancer,,,
NCT03453892,General cancer indications,,,
NCT03455452,Renal cell carcinoma (RCC),Renal cell carcinoma (RCC),Renal cell carcinoma (RCC),Renal cell carcinoma (RCC)
NCT03458455,Brain metastases,,,
NCT03459222,General cancer indications,,,
NCT03461952,Solid tumour indications,,,
NCT03463408,Soft tissue sarcoma,,,
NCT03465592,Soft tissue sarcoma,Solid tumour indications,Solid tumour indications,
NCT03468751,Solid tumour indications,,,
NCT03468985,Non-small cell lung cancer (NSCLC),Non-small cell lung cancer (NSCLC),Non-small cell lung cancer (NSCLC),
NCT03469713,Renal cell carcinoma (RCC),,,
NCT03469960,Non-small cell lung cancer (NSCLC),,,
NCT03470922,Melanoma,,,
NCT03475134,Melanoma,,,
NCT03480334,Hodgkin lymphoma,,,
NCT03484819,Non-Hodgkin lymphoma (NHL),Non-Hodgkin lymphoma (NHL),Non-Hodgkin lymphoma (NHL),Non-Hodgkin lymphoma (NHL)
NCT03486119,Non-small cell lung cancer (NSCLC),,,
NCT03487666,Breast cancer,,,
NCT03492242,Arthritis, general,General cancer indications,General cardiovascular indications
NCT03493581,Non-small cell lung cancer (NSCLC),,,
NCT03493932,Glioblastoma multiforme,,,
NCT03495713,Hodgkin lymphoma,,,
NCT03496662,Pancreatic cancer,,,
NCT03502330,Melanoma,Non-small cell lung cancer (NSCLC),Renal cell carcinoma (RCC),
NCT03502733,Non-Hodgkin lymphoma (NHL),Non-Hodgkin lymphoma (NHL),Solid tumour indications,Solid tumour indications
NCT03502746,Mesothelioma,,,
NCT03504696,Melanoma,,,
NCT03507699,Colorectal cancer,Hepatoma, liver cancer,
NCT03508570,Ovarian cancer,Ovarian cancer,Solid tumour indications,Cervical cancer
NCT03509584,Non-small cell lung cancer (NSCLC),,,
NCT03510871,Hepatoma, liver cancer,,
NCT03511222,Solid tumour indications,Hepatoma, liver cancer,Stomach cancer
NCT03511391,Bladder cancer,Melanoma,Renal cell carcinoma (RCC),Non-small cell lung cancer (NSCLC)
NCT03514901,Melanoma,Brain metastases,,
NCT03518320,Bladder cancer,Bladder cancer,Bladder cancer,Bladder cancer
NCT03519256,Bladder cancer,Bladder cancer,,
NCT03519308,Pancreatic cancer,,,
NCT03520491,Bladder cancer,,,
NCT03520634,Melanoma,,,
NCT03521570,Head & neck cancers,,,
NCT03521830,Basal cell carcinoma (BCC),,,
NCT03522246,Ovarian cancer,Fallopian tube cancer,Ovarian cancer,Ovarian cancer
NCT03523572,Breast cancer,Bladder cancer,,
NCT03525925,Solid tumour indications,,,
NCT03526185,Melanoma,,,
NCT03527108,Non-small cell lung cancer (NSCLC),,,
NCT03527251,Non-small cell lung cancer (NSCLC),,,
NCT03527264,Cervical cancer,,,
NCT03528408,Melanoma,Melanoma,,
NCT03529890,Bladder cancer,,,
NCT03530683,Non-Hodgkin lymphoma (NHL),Multiple myeloma,,
NCT03532217,Prostate cancer,,,
NCT03532451,Bladder cancer,,,
NCT03532737,Head & neck cancers,,,
NCT03539198,Head & neck cancers,,,
NCT03542461,Non-small cell lung cancer (NSCLC),,,
NCT03543189,Prostate cancer,Male conditions (unspecified),,
NCT03544723,Solid tumour indications,Non-Hodgkin lymphoma (NHL),,
NCT03544736,Oesophageal cancer,,,
NCT03546686,Breast cancer,,,
NCT03547999,Colorectal cancer,,,
NCT03552380,Renal cell carcinoma (RCC),,,
NCT03554317,Prostate cancer,Prostate cancer,Prostate cancer,
NCT03557359,Glioma,,,
NCT03558087,Bladder cancer,,,
NCT03558750,Non-Hodgkin lymphoma (NHL),Non-Hodgkin lymphoma (NHL),Non-Hodgkin lymphoma (NHL),Non-Hodgkin lymphoma (NHL)
NCT03559803,Cervical cancer,,,
NCT03562507,Renal cell carcinoma (RCC),,,
NCT03563248,Pancreatic cancer,,,
NCT03563482,Non-small cell lung cancer (NSCLC),Other immune indications,,
NCT03563729,Melanoma,,,
NCT03564197,Non-small cell lung cancer (NSCLC),,,
NCT03565406,Melanoma,,,
NCT03565445,Solid tumour indications,,,
NCT03567889,Melanoma,,,
NCT03568435,Renal cell carcinoma (RCC),Renal cell carcinoma (RCC),,
NCT03569436,Head & neck cancers,Head & neck cancers,Head & neck cancers,
NCT03569696,Non-Hodgkin lymphoma (NHL),,,
NCT03570619,Prostate cancer,General cancer indications,,
NCT03572478,Prostate cancer,Uterine cancer,,
NCT03572582,Hepatoma, liver cancer,Hepatoma, liver cancer
NCT03573947,Non-small cell lung cancer (NSCLC),,,
NCT03575234,Human papillomavirus (HPV) infections,Squamous cell carcinoma,Squamous cell carcinoma,Squamous cell carcinoma
NCT03575598,Head & neck cancers,Head & neck cancers,Head & neck cancers,
NCT03575793,Lung cancer,Small cell lung cancer (SCLC),,
NCT03576417,Head & neck cancers,,,
NCT03576612,Glioma,,,
NCT03576963,Colorectal cancer,Colorectal cancer,Colorectal cancer,Colorectal cancer
NCT03580408,Hodgkin lymphoma,,,
NCT03583086,Solid tumour indications,Non-small cell lung cancer (NSCLC),Solid tumour indications,Small cell lung cancer (SCLC)
NCT03585465,Solid tumour indications,,,
NCT03586999,Non-Hodgkin lymphoma (NHL),,,
NCT03588936,Leukaemia, acute,General blood malignancies,Non-Hodgkin lymphoma (NHL)
NCT03590210,Soft tissue sarcoma,,,
NCT03591731,Neuroendocrine tumour,,,
NCT03595124,Renal cell carcinoma (RCC),Renal cell carcinoma (RCC),Renal cell carcinoma (RCC),Renal cell carcinoma (RCC)
NCT03595540,General cancer indications,Breast cancer,Colorectal cancer,
NCT03597009,Lung cancer,Lung cancer,Lung cancer,
NCT03597282,Melanoma,,,
NCT03598816,Renal cell carcinoma (RCC),,,
NCT03599362,Pancreatic cancer,,,
NCT03600155,Leukaemia, acute myeloid (AML),Leukaemia, acute myeloid (AML)
NCT03600350,Prostate cancer,,,
NCT03601611,Solid tumour indications,Inflammatory bowel disease (IBD), unspecified,Arthritis
NCT03604978,Brain cancer,Brain cancer,Brain cancer,
NCT03604991,Oesophageal cancer,Oesophageal cancer,Oesophageal cancer,Oesophageal cancer
NCT03605719,Multiple myeloma,,,
NCT03606174,Bladder cancer,Bladder cancer,Bladder cancer,Bladder cancer
NCT03607890,Solid tumour indications,Solid tumour indications,,
NCT03609424,Gastro-intestinal stromal tumours (GIST),,,
NCT03610711,Oesophageal cancer,,,
NCT03618641,Melanoma,Solid tumour indications,,
NCT03620019,Melanoma,Melanoma,Melanoma,Melanoma
NCT03620123,Head & neck cancers,Head & neck cancers,,
NCT03620578,Non-Hodgkin lymphoma (NHL),Non-Hodgkin lymphoma (NHL),Non-Hodgkin lymphoma (NHL),Non-Hodgkin lymphoma (NHL)
NCT03620669,Non-small cell lung cancer (NSCLC),Non-small cell lung cancer (NSCLC),,
NCT03623854,Solid tumour indications,Solid tumour indications,Solid tumour indications,Solid tumour indications
NCT03627026,Melanoma,,,
NCT03628209,Bone cancer (Osteosarcoma),Bone cancer (Osteosarcoma),Bone cancer (Osteosarcoma),Soft tissue sarcoma
NCT03628859,Renal cell carcinoma (RCC),,,
NCT03630640,Hepatoma, liver cancer,,
NCT03631641,Colorectal cancer,Colorectal cancer,Solid tumour indications,
NCT03633110,Melanoma,Non-small cell lung cancer (NSCLC),Head & neck cancers,Bladder cancer
NCT03634800,Multiple myeloma,,,
NCT03635892,Renal cell carcinoma (RCC),Renal cell carcinoma (RCC),Renal cell carcinoma (RCC),Renal cell carcinoma (RCC)
NCT03635983,Melanoma,,,
NCT03636477,Glioblastoma multiforme,,,
NCT03637543,Prostate cancer,,,
NCT03638297,Colorectal cancer,,,
NCT03638375,Other immune indications,,,
NCT03639714,Non-small cell lung cancer (NSCLC),Colorectal cancer,Gastro-intestinal adenocarcinoma,Bladder cancer
NCT03639935,Biliary cancer,,,
NCT03642067,Colorectal cancer,Colorectal cancer,,
NCT03645928,Melanoma,Head & neck cancers,Non-small cell lung cancer (NSCLC),
NCT03646123,Hodgkin lymphoma,,,
NCT03646461,Head & neck cancers,Head & neck cancers,,
NCT03646617,Melanoma,,,
NCT03647839,Colorectal cancer,,,
NCT03647878,Renal cell carcinoma (RCC),,,
NCT03647969,Gastro-intestinal adenocarcinoma,Oesophageal cancer,,
NCT03650894,Breast cancer,Breast cancer,Breast cancer,
NCT03651271,Solid tumour indications,Prostate cancer,,
NCT03652142,Head & neck cancers,,,
NCT03652233,Head & neck cancers,Head & neck cancers,Squamous cell carcinoma,
NCT03655002,Hepatoma, liver cancer,Hepatoma, liver cancer
NCT03655444,Head & neck cancers,,,
NCT03655613,Hepatoma, liver cancer,Renal cell carcinoma (RCC),
NCT03656094,Non-small cell lung cancer (NSCLC),,,
NCT03656627,General inflammatory disorders,Non-small cell lung cancer (NSCLC),Arthritis, rheumatoid
NCT03656718,General cancer indications,,,
NCT03661320,Bladder cancer,Bladder cancer,Bladder cancer,
NCT03661632,General cancer indications,,,
NCT03662074,Small cell lung cancer (SCLC),Lung cancer,Lung cancer,Lung cancer
NCT03662659,Stomach cancer,Stomach cancer,,
NCT03663166,Non-small cell lung cancer (NSCLC),,,
NCT03663946,Renal cell carcinoma (RCC),Renal cell carcinoma (RCC),,
NCT03667170,Solid tumour indications,,,
NCT03667716,General cancer indications,Ovarian cancer,Breast cancer,Lung cancer
NCT03668119,Solid tumour indications,,,
NCT03669523,Non-small cell lung cancer (NSCLC),Bone metastases,,
NCT03670056,Small cell lung cancer (SCLC),,,
NCT03680521,Renal cell carcinoma (RCC),,,
NCT03681561,Hodgkin lymphoma,,,
NCT03682276,Hepatoma, liver cancer,,
NCT03684811,Glioma,Glioblastoma multiforme,Solid tumour indications,Bone cancer (Osteosarcoma)
NCT03685890,Melanoma,General blood malignancies,,
NCT03689699,Prostate cancer,Prostate cancer,,
NCT03690986,Head & neck cancers,,,
NCT03692325,General cancer indications,,,
NCT03692338,Renal cell carcinoma (RCC),,,
NCT03692442,Non-small cell lung cancer (NSCLC),,,
NCT03693014,General cancer indications,Melanoma,Lung cancer,Bladder cancer
NCT03693846,Colorectal cancer,Solid tumour indications,,
NCT03695250,Hepatoma, liver cancer,Hepatoma, liver cancer
NCT03695952,Hepatoma, liver cancer,Biliary cancer,
NCT03697564,Pancreatic cancer,,,
NCT03700905,Head & neck cancers,,,
NCT03703050,Non-Hodgkin lymphoma (NHL),,,
NCT03704077,Stomach cancer,Stomach cancer,Stomach cancer,
NCT03704246,Solid tumour indications,,,
NCT03704714,Non-Hodgkin lymphoma (NHL),Non-Hodgkin lymphoma (NHL),Non-Hodgkin lymphoma (NHL),Non-Hodgkin lymphoma (NHL)
NCT03707457,Glioblastoma multiforme,Glioblastoma multiforme,,
NCT03707808,Solid tumour indications,,,
NCT03711058,Solid tumour indications,Colorectal cancer,,
NCT03711188,Melanoma,,,
NCT03712202,Hodgkin lymphoma,Hodgkin lymphoma,Non-Hodgkin lymphoma (NHL),Hodgkin lymphoma
NCT03712943,Colorectal cancer,Colorectal cancer,Colorectal cancer,
NCT03715946,Head & neck cancers,Head & neck cancers,,
NCT03718767,Glioma,Glioblastoma multiforme,Glioma,Glioma
NCT03719131,Melanoma,Melanoma,Melanoma,Melanoma
NCT03721679,Solid tumour indications,,,
NCT03721757,Head & neck cancers,,,
NCT03723967,Head & neck cancers,,,
NCT03724097,General cancer indications,,,
NCT03724968,Melanoma,Melanoma,Melanoma,
NCT03726281,Germ cell tumour,,,
NCT03727061,Head & neck cancers,Head & neck cancers,,
NCT03728179,Solid tumour indications,,,
NCT03728361,Neuroendocrine tumour,Neuroendocrine tumour,Neuroendocrine tumour,Neuroendocrine tumour
NCT03728465,Melanoma,Brain metastases,,
NCT03729245,Renal cell carcinoma (RCC),Renal cell carcinoma (RCC),,
NCT03730337,Solid tumour indications,,,
NCT03732560,Melanoma,,,
NCT03732664,Non-small cell lung cancer (NSCLC),,,
NCT03735628,Non-small cell lung cancer (NSCLC),Head & neck cancers,Hepatoma, liver cancer
NCT03739619,Hodgkin lymphoma,Hodgkin lymphoma,Hodgkin lymphoma,Hodgkin lymphoma
NCT03742986,Breast cancer,,,
NCT03743298,Melanoma,,,
NCT03743662,Glioblastoma multiforme,,,
NCT03743766,Melanoma,,,
NCT03745807,General cancer indications,,,
NCT03749018,Non-Hodgkin lymphoma (NHL),Non-Hodgkin lymphoma (NHL),Non-Hodgkin lymphoma (NHL),Non-Hodgkin lymphoma (NHL)
NCT03749460,Head & neck cancers,Head & neck cancers,,
NCT03758729,Melanoma,,,
NCT03758781,General cancer indications,Solid tumour indications,Solid tumour indications,Renal cell carcinoma (RCC)
NCT03767348,General cancer indications,Melanoma,Skin cancer, non-melanoma
NCT03767439,Basal cell carcinoma (BCC),,,
NCT03767582,Pancreatic cancer,Pancreatic cancer,,
NCT03768531,Biliary cancer,,,
NCT03769155,Melanoma,Melanoma,Melanoma,
NCT03770299,Non-small cell lung cancer (NSCLC),Non-small cell lung cancer (NSCLC),,
NCT03770416,Non-Hodgkin lymphoma (NHL),Non-Hodgkin lymphoma (NHL),Non-Hodgkin lymphoma (NHL),
NCT03771859,Melanoma,,,
NCT03772899,Melanoma,,,
NCT03774732,Non-small cell lung cancer (NSCLC),Non-small cell lung cancer (NSCLC),Non-small cell lung cancer (NSCLC),
NCT03776487,Oesophageal cancer,Oesophageal cancer,Oesophageal cancer,Stomach cancer
NCT03781960,Hepatoma, liver cancer,,
NCT03782064,Multiple myeloma,,,
NCT03784040,Stomach cancer,,,
NCT03785210,Pancreatic cancer,Colorectal cancer,General cancer indications,
NCT03785873,Biliary cancer,,,
NCT03785925,Bladder cancer,General cancer indications,,
NCT03786692,Non-small cell lung cancer (NSCLC),,,
NCT03789110,Breast cancer,,,
NCT03791398,Colorectal cancer,,,
NCT03792347,Oesophageal cancer,,,
NCT03792724,General cancer indications,,,
NCT03792750,General cancer indications,,,
NCT03793166,Renal cell carcinoma (RCC),Bone cancer (Osteosarcoma),Renal cell carcinoma (RCC),Solid tumour indications
NCT03798639,Neuroendocrine tumour,Neuroendocrine tumour,Neuroendocrine tumour,
NCT03799445,Human papillomavirus (HPV) infections,Squamous cell carcinoma,Squamous cell carcinoma,Head & neck cancers
NCT03800602,Colorectal cancer,Colorectal cancer,Colorectal cancer,Colorectal cancer
NCT03803553,Colorectal cancer,Colorectal cancer,,
NCT03804554,Non-small cell lung cancer (NSCLC),,,
NCT03806309,Pancreatic cancer,Solid tumour indications,General cancer indications,
NCT03807765,Breast cancer,Brain metastases,,
NCT03808480,Non-small cell lung cancer (NSCLC),,,
NCT03811015,Head & neck cancers,Head & neck cancers,Head & neck cancers,Head & neck cancers
NCT03812562,Hepatoma, liver cancer,,
NCT03815890,Breast cancer,,,
NCT03815942,Prostate cancer,Prostate cancer,,
NCT03816332,Melanoma,Neuroendocrine tumour,Neuroendocrine tumour,Melanoma
NCT03816345,General inflammatory disorders,Crohn's disease,Polymyositis & dermatomyositis,Inflammatory bowel disease (IBD)
NCT03816358,Pancreatic cancer,Pancreatic cancer,Pancreatic cancer,Pancreatic cancer
NCT03817125,Melanoma,,,
NCT03818685,Breast cancer,Breast cancer,,
NCT03824704,Ovarian cancer,Fallopian tube cancer,Ovarian cancer,Ovarian cancer
NCT03825510,Non-small cell lung cancer (NSCLC),Non-small cell lung cancer (NSCLC),,
NCT03827850,Lung cancer,Non-small cell lung cancer (NSCLC),Lung cancer,Non-small cell lung cancer (NSCLC)
NCT03829111,Renal cell carcinoma (RCC),Renal cell carcinoma (RCC),Renal cell carcinoma (RCC),Renal cell carcinoma (RCC)
NCT03829436,Hepatoma, liver cancer,Prostate cancer,Renal cell carcinoma (RCC)
NCT03829722,Head & neck cancers,,,
NCT03832621,Colorectal cancer,,,
NCT03834233,Skin cancer, non-melanoma,,
NCT03834623,Melanoma,,,
NCT03835533,Prostate cancer,,,
NCT03838042,Brain cancer,Solid tumour indications,,
NCT03838159,Non-small cell lung cancer (NSCLC),,,
NCT03838263,Head & neck cancers,,,
NCT03841110,Solid tumour indications,Non-Hodgkin lymphoma (NHL),Stomach cancer,Colorectal cancer
NCT03841201,Hepatoma, liver cancer,,
NCT03843294,Hodgkin lymphoma,Non-Hodgkin lymphoma (NHL),,
NCT03843515,Head & neck cancers,,,
NCT03844256,Bladder cancer,Bladder cancer,,
NCT03850067,Small cell lung cancer (SCLC),,,
NCT03850691,Melanoma,,,
NCT03854032,Head & neck cancers,Squamous cell carcinoma,,
NCT03862066,Head & neck cancers,,,
NCT03864575,General cancer indications,,,
NCT03865082,Solid tumour indications,,,
NCT03866382,Bladder cancer,Bladder cancer,Renal cell carcinoma (RCC),Bladder cancer
NCT03867799,Colorectal cancer,,,
NCT03868046,General cancer indications,General cancer indications,Solid tumour indications,
NCT03870464,Non-small cell lung cancer (NSCLC),Brain metastases,Thrombosis, deep vein (DVT)
NCT03872947,Solid tumour indications,Colorectal cancer,Biliary cancer,Bladder cancer
NCT03873402,Renal cell carcinoma (RCC),,,
NCT03878524,Leukaemia, chronic myeloid (CML),Breast cancer,Anaemia
NCT03878979,Head & neck cancers,Head & neck cancers,Head & neck cancers,
NCT03879122,Prostate cancer,,,
NCT03879512,Glioblastoma multiforme,,,
NCT03879811,Colorectal cancer,,,
NCT03884998,Leukaemia, chronic lymphocytic (CLL),Non-Hodgkin lymphoma (NHL),Non-Hodgkin lymphoma (NHL)
NCT03886311,Soft tissue sarcoma,,,
NCT03888950,Melanoma,,,
NCT03890952,Brain cancer,,,
NCT03891485,Renal cell carcinoma (RCC),Renal cell carcinoma (RCC),,
NCT03892044,Leukaemia, chronic lymphocytic (CLL),Non-Hodgkin lymphoma (NHL),Non-Hodgkin lymphoma (NHL)
NCT03893695,Hepatoma, liver cancer,Hepatoma, liver cancer
NCT03894891,Head & neck cancers,,,
NCT03897543,Hepatoma, liver cancer,,
NCT03899155,General cancer indications,,,
NCT03899428,Hepatoma, liver cancer,,
NCT03903458,Melanoma,,,
NCT03903640,Brain cancer,,,
NCT03906071,Non-small cell lung cancer (NSCLC),,,
NCT03906526,Squamous cell carcinoma,,,
NCT03907488,Hodgkin lymphoma,Hodgkin lymphoma,Hodgkin lymphoma,Hodgkin lymphoma
NCT03914300,Thyroid cancer,Thyroid cancer,Thyroid cancer,Thyroid cancer
NCT03914443,Oesophageal cancer,,,
NCT03917537,Head & neck cancers,,,
NCT03918252,Mesothelioma,,,
NCT03920631,Leukaemia, chronic lymphocytic (CLL),,
NCT03921684,Colorectal cancer,,,
NCT03922880,Melanoma,,,
NCT03925246,Glioma,Brain cancer,,
NCT03927105,Non-Hodgkin lymphoma (NHL),,,
NCT03927248,Renal cell carcinoma (RCC),,,
NCT03929029,Melanoma,,,
NCT03937219,Renal cell carcinoma (RCC),,,
NCT03939975,Hepatoma, liver cancer,,
NCT03942900,Colorectal cancer,,,
NCT03944252,Anal cancer,,,
NCT03944915,Human papillomavirus (HPV) infections,Squamous cell carcinoma,Head & neck cancers,Squamous cell carcinoma
NCT03945773,Renal cell carcinoma (RCC),,,
NCT03949153,Melanoma,,,
NCT03952325,Breast cancer,,,
NCT03952585,Squamous cell carcinoma,Head & neck cancers,Head & neck cancers,Head & neck cancers
NCT03953235,Non-small cell lung cancer (NSCLC),Colorectal cancer,Pancreatic cancer,Solid tumour indications
NCT03956680,Solid tumour indications,,,
NCT03958045,Small cell lung cancer (SCLC),,,
NCT03958383,Melanoma,,,
NCT03959293,Stomach cancer,Stomach cancer,,
NCT03959761,Ovarian cancer,,,
NCT03964298,Melanoma,,,
NCT03966456,Lung cancer,Solid tumour indications,Solid tumour indications,Melanoma
NCT03970252,Pancreatic cancer,,,
NCT03970382,Solid tumour indications,,,
NCT03977467,Non-small cell lung cancer (NSCLC),,,
NCT03977571,Renal cell carcinoma (RCC),Renal cell carcinoma (RCC),,
NCT03979651,Melanoma,,,
NCT03980041,Bladder cancer,Bladder cancer,Solid tumour indications,General cancer indications
NCT03980314,Melanoma,,,
NCT03980925,Neuroendocrine tumour,Neuroendocrine tumour,Neuroendocrine tumour,
NCT03981146,Colorectal cancer,,,
NCT03982121,Colorectal cancer,,,
NCT03984357,Head & neck cancers,,,
NCT03987815,Oesophageal cancer,,,
NCT03991130,Melanoma,Renal cell carcinoma (RCC),,
NCT03993249,Bladder cancer,,,
NCT03993626,Colorectal cancer,,,
NCT03994601,General cancer indications,,,
NCT03995017,Oesophageal cancer,Stomach cancer,,
NCT03999749,Melanoma,,,
NCT04003649,Glioblastoma multiforme,Glioblastoma multiforme,,
NCT04006262,Oesophageal cancer,Stomach cancer,,
NCT04007588,Melanoma,Melanoma,,
NCT04008030,Colorectal cancer,,,
NCT04013334,Mesothelioma,,,
NCT04013542,Non-small cell lung cancer (NSCLC),Non-small cell lung cancer (NSCLC),Non-small cell lung cancer (NSCLC),Non-small cell lung cancer (NSCLC)
NCT04013854,Melanoma,Melanoma,,
NCT04015778,Non-small cell lung cancer (NSCLC),,,
NCT04017650,Colorectal cancer,Colorectal cancer,Colorectal cancer,Head & neck cancers
NCT04017897,Melanoma,,,
NCT04019964,Prostate cancer,Prostate cancer,,
NCT04021043,Solid tumour indications,Lung cancer,Lung cancer,Solid tumour indications
NCT04021108,Gastro-intestinal adenocarcinoma,,,
NCT04021420,Melanoma,Melanoma,,
NCT04022980,Other neurological indications,,,
NCT04023617,Non-small cell lung cancer (NSCLC),Solid tumour indications,,
NCT04024878,Ovarian cancer,,,
NCT04025879,Non-small cell lung cancer (NSCLC),,,
NCT04026412,Non-small cell lung cancer (NSCLC),,,
NCT04027946,Lung cancer,Non-small cell lung cancer (NSCLC),Non-small cell lung cancer (NSCLC),
NCT04030260,Colorectal cancer,,,
NCT04033991,Solid tumour indications,,,
NCT04039607,Hepatoma, liver cancer,,
NCT04040231,Mesothelioma,Mesothelioma,Wilms' tumour,
NCT04042116,Solid tumour indications,Solid tumour indications,,
NCT04042506,Melanoma,,,
NCT04042753,Solid tumour indications,Solid tumour indications,Solid tumour indications,
NCT04043195,Non-small cell lung cancer (NSCLC),,,
NCT04043975,Renal cell carcinoma (RCC),,,
NCT04044209,Myelodysplastic syndrome (MDS),Leukaemia, acute myeloid (AML),
NCT04044430,Colorectal cancer,Colorectal cancer,Colorectal cancer,Colorectal cancer
NCT04044651,Hepatoma, liver cancer,,
NCT04046614,Non-small cell lung cancer (NSCLC),,,
NCT04047706,Glioblastoma multiforme,,,
NCT04050085,Pancreatic cancer,Pancreatic cancer,Pancreatic cancer,
NCT04050462,Hepatoma, liver cancer,,
NCT04050761,Head & neck cancers,,,
NCT04055792,Small cell lung cancer (SCLC),,,
NCT04056910,Solid tumour indications,Glioma,,
NCT04057365,Biliary cancer,,,
NCT04060407,Melanoma,,,
NCT04061863,Breast cancer,,,
NCT04061980,Thyroid cancer,Thyroid cancer,Thyroid cancer,Thyroid cancer
NCT04062656,Stomach cancer,Gastro-intestinal adenocarcinoma,,
NCT04067037,Hodgkin lymphoma,,,
NCT04069663,Non-small cell lung cancer (NSCLC),,,
NCT04069936,Non-small cell lung cancer (NSCLC),Lung cancer,Non-small cell lung cancer (NSCLC),Non-small cell lung cancer (NSCLC)
NCT04072198,Colorectal cancer,,,
NCT04074447,Oesophageal cancer,,,
NCT04074967,Renal cell carcinoma (RCC),Melanoma,Solid tumour indications,
NCT04075604,Breast cancer,General cancer indications,,
NCT04078295,Solid tumour indications,,,
NCT04079712,Neuroendocrine tumour,Neuroendocrine tumour,Neuroendocrine tumour,Neuroendocrine tumour
NCT04080804,Head & neck cancers,,,
NCT04084951,Solid tumour indications,,,
NCT04085250,Non-small cell lung cancer (NSCLC),,,
NCT04088500,Renal cell carcinoma (RCC),,,
NCT04090710,Renal cell carcinoma (RCC),,,
NCT04090775,Prostate cancer,,,
NCT04091490,Hodgkin lymphoma,,,
NCT04091750,Melanoma,,,
NCT04095208,Soft tissue sarcoma,General cancer indications,,
NCT04098432,Pancreatic cancer,,,
NCT04099251,Melanoma,,,
NCT04100018,Prostate cancer,,,
NCT04106414,Uterine cancer,Uterine cancer,,
NCT04107103,Head & neck cancers,,,
NCT04107168,Melanoma,Renal cell carcinoma (RCC),Lung cancer,
NCT04108026,Non-small cell lung cancer (NSCLC),,,
NCT04109066,Breast cancer,,,
NCT04109729,Prostate cancer,,,
NCT04110093,Colorectal cancer,Other immune indications,,
NCT04112498,General cancer indications,,,
NCT04114136,Melanoma,Renal cell carcinoma (RCC),Non-small cell lung cancer (NSCLC),Hepatoma
NCT04115410,Non-small cell lung cancer (NSCLC),,,
NCT04116658,Glioblastoma multiforme,,,
NCT04117087,Colorectal cancer,Pancreatic cancer,,
NCT04118166,Soft tissue sarcoma,,,
NCT04119336,Multiple myeloma,Multiple myeloma,,
NCT04122625,Solid tumour indications,,,
NCT04123379,Non-small cell lung cancer (NSCLC),Hepatoma, liver cancer,
NCT04123925,Colorectal cancer,,,
NCT04124601,Colorectal cancer,,,
NCT04125719,Melanoma,,,
NCT04126070,Prostate cancer,Prostate cancer,Prostate cancer,
NCT04126733,Colorectal cancer,,,
NCT04128020,Leukaemia, acute myeloid (AML),Leukaemia, acute myeloid (AML)
NCT04131621,Solid tumour indications,,,
NCT04132817,Breast cancer,,,
NCT04133948,Melanoma,,,
NCT04134182,Renal cell carcinoma (RCC),,,
NCT04134325,Hodgkin lymphoma,Hodgkin lymphoma,,
NCT04134390,Renal cell carcinoma (RCC),,,
NCT04136470,Non-small cell lung cancer (NSCLC),Other immune indications,Melanoma,
NCT04140526,Non-small cell lung cancer (NSCLC),Solid tumour indications,Melanoma,Head & neck cancers
NCT04142931,Non-small cell lung cancer (NSCLC),Melanoma,Breast cancer,Renal cell carcinoma (RCC)
NCT04143711,Solid tumour indications,,,
NCT04145115,Glioblastoma multiforme,Glioblastoma multiforme,,
NCT04145232,Non-small cell lung cancer (NSCLC),Other immune indications,,
NCT04146064,Non-small cell lung cancer (NSCLC),Melanoma,Renal cell carcinoma (RCC),Bladder cancer
NCT04146324,Melanoma,,,
NCT04147143,Renal cell carcinoma (RCC),Renal cell carcinoma (RCC),,
NCT04149275,Ovarian cancer,Soft tissue sarcoma,Vaginal cancer,
NCT04149574,Bladder cancer,,,
NCT04150562,Renal cell carcinoma (RCC),,,
NCT04151563,Non-small cell lung cancer (NSCLC),,,
NCT04153734,Non-small cell lung cancer (NSCLC),,,
NCT04157985,Solid tumour indications,Non-small cell lung cancer (NSCLC),Bladder cancer,Head & neck cancers
NCT04158544,Melanoma,,,
NCT04159818,Breast cancer,,,
NCT04159896,Prostate cancer,Prostate cancer,Prostate cancer,Prostate cancer
NCT04161911,Hepatoma, liver cancer,,
NCT04162015,Mesothelioma,,,
NCT04163289,Renal cell carcinoma (RCC),,,
NCT04165330,Solid tumour indications,Soft tissue sarcoma,Non-small cell lung cancer (NSCLC),Small cell lung cancer (SCLC)
NCT04165967,Melanoma,,,
NCT04166383,Colorectal cancer,Colorectal cancer,Colorectal cancer,Hepatoma
NCT04169074,Head & neck cancers,,,
NCT04169841,Other immune indications,,,
NCT04169867,Melanoma,Other immune indications,,
NCT04170556,Hepatoma, liver cancer,,
NCT04172402,Biliary cancer,,,
NCT04173325,Small cell lung cancer (SCLC),Small cell lung cancer (SCLC),,
NCT04177953,Mesothelioma,,,
NCT04180371,Solid tumour indications,Non-small cell lung cancer (NSCLC),,
NCT04183088,Hepatoma, liver cancer,,
NCT04185311,Breast cancer,Breast cancer,Breast cancer,Breast cancer
NCT04187404,Adrenocortical carcinoma (ACC),Pheochromocytoma,Neuroendocrine tumour,
NCT04187833,Melanoma,,,
NCT04190745,Stomach cancer,,,
NCT04193696,Hepatoma, liver cancer,,
NCT04195139,Glioblastoma multiforme,,,
NCT04197310,Neuroendocrine tumour,Solid tumour indications,Neuroendocrine tumour,
NCT04199559,Non-small cell lung cancer (NSCLC),,,
NCT04200963,Bladder cancer,Bladder cancer,Bladder cancer,General urinary tract indications
NCT04203095,Lung cancer,,,
NCT04203901,Renal cell carcinoma (RCC),,,
NCT04204837,Skin cancer, non-melanoma,,
NCT04205409,Leukaemia, chronic lymphocytic (CLL),Non-Hodgkin lymphoma (NHL),Non-Hodgkin lymphoma (NHL)
NCT04205552,Non-small cell lung cancer (NSCLC),Non-small cell lung cancer (NSCLC),Non-small cell lung cancer (NSCLC),
NCT04207086,Melanoma,,,
NCT04208958,General cancer indications,Melanoma,Stomach cancer,Gastro-intestinal adenocarcinoma
NCT04209114,Bladder cancer,Bladder cancer,Bladder cancer,
NCT04211896,Non-small cell lung cancer (NSCLC),,,
NCT04212026,Pancreatic cancer,,,
NCT04223648,Melanoma,,,
NCT04225390,Other immune indications,,,
NCT04229459,Oesophageal cancer,,,
NCT04230330,Non-Hodgkin lymphoma (NHL),,,
NCT04233840,Hepatoma, liver cancer,,
NCT04239040,Neuroblastoma,Solid tumour indications,,
NCT04247165,Pancreatic cancer,,,
NCT04248569,Hepatoma, liver cancer,,
NCT04250246,Melanoma,Non-small cell lung cancer (NSCLC),,
NCT04256213,Cervical cancer,,,
NCT04258150,Pancreatic cancer,,,
NCT04263051,Non-small cell lung cancer (NSCLC),,,
NCT04263090,Non-small cell lung cancer (NSCLC),Solid tumour indications,,
NCT04263870,Gastro-intestinal adenocarcinoma,Stomach cancer,Stomach cancer,
NCT04266730,Non-small cell lung cancer (NSCLC),Non-small cell lung cancer (NSCLC),Head & neck cancers,
NCT04267146,Glioma,,,
NCT04268368,General cancer indications,Lung cancer,Renal cell carcinoma (RCC),Melanoma
NCT04268888,Hepatoma, liver cancer,,
NCT04270864,General cancer indications,,,
NCT04271384,Non-small cell lung cancer (NSCLC),,,
NCT04272333,Head & neck cancers,,,
NCT04277442,Leukaemia, acute myeloid (AML),,
NCT04278092,Head & neck cancers,,,
NCT04282109,Head & neck cancers,,,
NCT04283890,Melanoma,,,
NCT04289259,Non-small cell lung cancer (NSCLC),Non-small cell lung cancer (NSCLC),Non-small cell lung cancer (NSCLC),Non-small cell lung cancer (NSCLC)
NCT04291755,Non-small cell lung cancer (NSCLC),Colorectal cancer,,
NCT04294498,Hepatoma, liver cancer,,
NCT04294771,General cardiovascular indications,General cardiovascular indications,General cardiovascular indications,General cardiovascular indications
NCT04295863,General cancer indications,,,
NCT04299880,General cancer indications,,,
NCT04300244,General cancer indications,Lung cancer,Lung cancer,Mesothelioma
NCT04306042,Non-small cell lung cancer (NSCLC),,,
NCT04309409,Melanoma,,,
NCT04310007,Non-small cell lung cancer (NSCLC),Non-small cell lung cancer (NSCLC),Lung cancer,Lung cancer
NCT04310709,Hepatoma, liver cancer,Hepatoma, liver cancer
NCT04311710,Solid tumour indications,,,
NCT04315155,Pancreatic cancer,,,
NCT04316520,Renal cell carcinoma (RCC),,,
NCT04317105,Solid tumour indications,Solid tumour indications,Solid tumour indications,Solid tumour indications
NCT04319224,General cancer indications,,,
NCT04322643,Bladder cancer,,,
NCT04322955,Renal cell carcinoma (RCC),Renal cell carcinoma (RCC),,
NCT04323046,Glioblastoma multiforme,Glioma,Glioblastoma multiforme,Glioma
NCT04326257,Head & neck cancers,,,
NCT04328740,Solid tumour indications,,,
NCT04330430,Melanoma,Melanoma,,
NCT04331067,Breast cancer,,,
NCT04331626,Non-small cell lung cancer (NSCLC),,,
NCT04336241,General cancer indications,,,
NCT04339738,Soft tissue sarcoma,Soft tissue sarcoma,Soft tissue sarcoma,
NCT04340193,Hepatoma, liver cancer,,
NCT04343144,COVID-19 prophylaxis,,,
NCT04349267,Solid tumour indications,,,
NCT04350463,General cancer indications,,,
NCT04355806,Non-small cell lung cancer (NSCLC),Influenza prophylaxis,,
NCT04356508,COVID-19 treatment,COVID-19 treatment,COVID-19 treatment,General respiratory tract infections
NCT04359199,Head & neck cancers,Other gastro-intestinal disorders,Other gastro-intestinal disorders,Head & neck cancers
NCT04361058,Leukaemia, acute myeloid (AML),Myelodysplastic syndrome (MDS),Leukaemia
NCT04361162,Pancreatic cancer,Pancreatic cancer,,
NCT04362839,Colorectal cancer,Colorectal cancer,Colorectal cancer,Colorectal cancer
NCT04363255,Small cell lung cancer (SCLC),,,
NCT04375527,Melanoma,Melanoma,Melanoma,Melanoma
NCT04377048,Pancreatic cancer,,,
NCT04380545,Hepatoma, liver cancer,Hepatoma, liver cancer
NCT04382664,Melanoma,,,
NCT04387084,Skin cancer, non-melanoma,Skin cancer, non-melanoma
NCT04393220,Solid tumour indications,,,
NCT04396860,Glioma,Glioblastoma multiforme,,
NCT04400539,Mesothelioma,Mesothelioma,,
NCT04401774,Non-Hodgkin lymphoma (NHL),,,
NCT04401995,Melanoma,,,
NCT04410445,Melanoma,Melanoma,Melanoma,Melanoma
NCT04412408,Neuroblastoma,,,
NCT04413123,Renal cell carcinoma (RCC),Renal cell carcinoma (RCC),Renal cell carcinoma (RCC),Renal cell carcinoma (RCC)
NCT04413838,Obesity,,,
NCT04416568,Solid tumour indications,Renal cell carcinoma (RCC),Soft tissue sarcoma,Solid tumour indications
NCT04419441,Hodgkin lymphoma,,,
NCT04420975,Leiomyosarcoma,Soft tissue sarcoma,Soft tissue sarcoma,Soft tissue sarcoma
NCT04423029,Solid tumour indications,Melanoma,Renal cell carcinoma (RCC),Bladder cancer
NCT04429321,Renal cell carcinoma (RCC),Renal cell carcinoma (RCC),,
NCT04430985,Colorectal cancer,,,
NCT04431635,Non-Hodgkin lymphoma (NHL),,,
NCT04434560,Bone metastases,,,
NCT04439214,Non-Hodgkin lymphoma (NHL),Solid tumour indications,General blood malignancies,Non-Hodgkin lymphoma (NHL)
NCT04444921,Anal cancer,Anal cancer,Anal cancer,Anal cancer
NCT04447612,Head & neck cancers,,,
NCT04455503,Melanoma,Melanoma,,
NCT04457284,Colorectal cancer,,,
NCT04458909,Head & neck cancers,Head & neck cancers,Head & neck cancers,Head & neck cancers
NCT04462406,Melanoma,Melanoma,Melanoma,Melanoma
NCT04463368,Melanoma,Hepatoma, liver cancer,
NCT04464759,Melanoma,,,
NCT04465643,Soft tissue sarcoma,,,
NCT04465942,Non-small cell lung cancer (NSCLC),Other immune indications,,
NCT04470440,Non-small cell lung cancer (NSCLC),Miscellaneous hormone disorders (unspecified),,
NCT04472767,Hepatoma, liver cancer,Hepatoma, liver cancer
NCT04477343,Pancreatic cancer,Pancreatic cancer,,
NCT04477512,Prostate cancer,,,
NCT04487704,Hepatoma, liver cancer,,
NCT04493203,Melanoma,Melanoma,,
NCT04495010,Melanoma,,,
NCT04495257,Melanoma,Renal cell carcinoma (RCC),,
NCT04500535,Lung cancer,,,
NCT04500548,General blood malignancies,Colorectal cancer,Non-Hodgkin lymphoma (NHL),Hodgkin lymphoma
NCT04503694,Colorectal cancer,Colorectal cancer,,
NCT04503967,Stomach cancer,Oesophageal cancer,,
NCT04506554,Bladder cancer,,,
NCT04507906,Non-small cell lung cancer (NSCLC),,,
NCT04510597,Renal cell carcinoma (RCC),Renal cell carcinoma (RCC),,
NCT04510688,Renal cell carcinoma (RCC),,,
NCT04511013,Melanoma,Melanoma,Brain metastases,Melanoma
NCT04513522,Renal cell carcinoma (RCC),,,
NCT04514484,Head & neck cancers,Hepatoma, liver cancer,Kaposi's sarcoma
NCT04516122,Melanoma,Melanoma,Melanoma,Melanoma
NCT04518046,Renal cell carcinoma (RCC),,,
NCT04521075,Melanoma,Melanoma,Non-small cell lung cancer (NSCLC),
NCT04525638,Neuroendocrine tumour,Neuroendocrine tumour,,
NCT04526730,Melanoma,,,
NCT04535713,Soft tissue sarcoma,,,
NCT04540159,Colorectal cancer,,,
NCT04540705,Renal cell carcinoma (RCC),,,
NCT04541108,Solid tumour indications,,,
NCT04546399,Down syndrome,Leukaemia, acute lymphocytic (ALL),
NCT04547088,Head & neck cancers,,,
NCT04547452,Other immune indications,,,
NCT04548271,Head & neck cancers,,,
NCT04549428,Non-small cell lung cancer (NSCLC),,,
NCT04550247,Melanoma,,,
NCT04551430,Soft tissue sarcoma,,,
NCT04552223,Melanoma,,,
NCT04561206,Hodgkin lymphoma,,,
NCT04561362,Solid tumour indications,Bladder cancer,Pancreatic cancer,Breast cancer
NCT04562129,Melanoma,Melanoma,,
NCT04562441,Head & neck cancers,,,
NCT04564157,Non-small cell lung cancer (NSCLC),Cancer adjunct therapy,,
NCT04566380,Solid tumour indications,,,
NCT04566848,Solid tumour indications,,,
NCT04567615,Hepatoma, liver cancer,Hepatoma, liver cancer
NCT04570683,Basal cell carcinoma (BCC),Other immune indications,Other immune indications,
NCT04570839,Uterine cancer,Ovarian cancer,Solid tumour indications,
NCT04571632,Non-small cell lung cancer (NSCLC),,,
NCT04572451,Melanoma,Renal cell carcinoma (RCC),,
NCT04575922,Colorectal cancer,,,
NCT04577638,Non-small cell lung cancer (NSCLC),,,
NCT04581382,Melanoma,,,
NCT04586465,Non-small cell lung cancer (NSCLC),Non-small cell lung cancer (NSCLC),,
NCT04591431,Breast cancer,Solid tumour indications,Non-small cell lung cancer (NSCLC),
NCT04594187,Melanoma,,,
NCT04594811,Gastro-intestinal adenocarcinoma,,,
NCT04599140,Colorectal cancer,Colorectal cancer,Colorectal cancer,Colorectal cancer
NCT04603248,Head & neck cancers,,,
NCT04605146,Melanoma,Lung cancer,Renal cell carcinoma (RCC),
NCT04606316,Glioblastoma multiforme,Glioblastoma multiforme,Glioma,
NCT04609046,Non-Hodgkin lymphoma (NHL),Non-Hodgkin lymphoma (NHL),,
NCT04610658,Small cell lung cancer (SCLC),Small cell lung cancer (SCLC),Small cell lung cancer (SCLC),
NCT04610671,Bladder cancer,Bladder cancer,,
NCT04611126,Ovarian cancer,Fallopian tube cancer,Ovarian cancer,
NCT04611165,Hepatoma, liver cancer,,
NCT04612309,Colorectal cancer,,,
NCT04612530,Pancreatic cancer,Pancreatic cancer,,
NCT04615988,General cancer indications,,,
NCT04620200,Skin cancer, non-melanoma,,
NCT04620603,Melanoma,,,
NCT04620954,Ovarian cancer,,,
NCT04621604,Hodgkin lymphoma,,,
NCT04622566,Melanoma,Colorectal cancer,,
NCT04623775,Non-small cell lung cancer (NSCLC),Non-small cell lung cancer (NSCLC),Non-small cell lung cancer (NSCLC),
NCT04624113,Head & neck cancers,,,
NCT04624178,Leiomyosarcoma,,,
NCT04627012,Hepatoma, liver cancer,General liver disorders,
NCT04627246,Pancreatic cancer,,,
NCT04630730,Bladder cancer,,,
NCT04631731,Lung cancer,Lung cancer,Non-small cell lung cancer (NSCLC),Renal cell carcinoma (RCC)
NCT04637594,Bladder cancer,Bladder cancer,Bladder cancer,Bladder cancer
NCT04638439,Hepatitis B treatment,Hepatitis D treatment,,
NCT04638751,Non-small cell lung cancer (NSCLC),Colorectal cancer,Breast cancer,Pancreatic cancer
NCT04645680,Melanoma,Melanoma,Melanoma,Melanoma
NCT04648319,Biliary cancer,,,
NCT04652960,Non-Hodgkin lymphoma (NHL),Non-Hodgkin lymphoma (NHL),Non-Hodgkin lymphoma (NHL),Non-Hodgkin lymphoma (NHL)
NCT04654234,Non-small cell lung cancer (NSCLC),,,
NCT04655157,Melanoma,,,
NCT04658147,Hepatoma, liver cancer,,
NCT04659343,Renal cell carcinoma (RCC),Renal cell carcinoma (RCC),Drug toxicity,
NCT04659369,Head & neck cancers,,,
NCT04659551,Breast cancer,,,
NCT04674683,Melanoma,Brain metastases,,
NCT04680598,Hepatoma, liver cancer,,
NCT04688658,Melanoma,,,
NCT04695977,Melanoma,Melanoma,Melanoma,Melanoma
NCT04697576,Melanoma,,,
NCT04698187,Melanoma,Melanoma,Melanoma,Melanoma
NCT04699721,Non-small cell lung cancer (NSCLC),,,
NCT04702880,Small cell lung cancer (SCLC),,,
NCT04704154,Solid tumour indications,,,
NCT04707547,Hepatoma, liver cancer,,
NCT04708483,Lung cancer,Lung cancer,General cancer indications,
NCT04709276,Prostate cancer,Prostate cancer,,
NCT04712877,Non-small cell lung cancer (NSCLC),,,
NCT04713371,General cancer indications,,,
NCT04713462,Non-small cell lung cancer (NSCLC),,,
NCT04714697,Renal cell carcinoma (RCC),,,
NCT04717154,Prostate cancer,,,
NCT04721301,Colorectal cancer,Pancreatic cancer,,
NCT04722575,Melanoma,,,
NCT04729322,Colorectal cancer,Gastro-intestinal adenocarcinoma,Colorectal cancer,Gastro-intestinal adenocarcinoma
NCT04730349,Glioma,Bone cancer (Osteosarcoma),Glioma,General blood malignancies
NCT04730544,Colorectal cancer,Colorectal cancer,,
NCT04731467,Solid tumour indications,Non-small cell lung cancer (NSCLC),Pancreatic cancer,Ovarian cancer
NCT04734704,Vitiligo,Melanoma,,
NCT04741438,Soft tissue sarcoma,,,
NCT04741997,Melanoma,Melanoma,Brain metastases,
NCT04745949,Non-Hodgkin lymphoma (NHL),Non-Hodgkin lymphoma (NHL),Non-Hodgkin lymphoma (NHL),Non-Hodgkin lymphoma (NHL)
NCT04749602,Renal cell carcinoma (RCC),Non-small cell lung cancer (NSCLC),Pleural effusion,
NCT04751370,Colorectal cancer,,,
NCT04757363,Oesophageal cancer,Stomach cancer,Breast cancer,
NCT04758949,Non-small cell lung cancer (NSCLC),,,
NCT04759586,Non-Hodgkin lymphoma (NHL),,,
NCT04761198,Solid tumour indications,Solid tumour indications,Solid tumour indications,
NCT04761744,Solid tumour indications,,,
NCT04771715,Colorectal cancer,,,
NCT04775446,Mesothelioma,,,
NCT04777851,Hepatoma, liver cancer,,
NCT04778904,Hepatitis B prophylaxis,Hepatitis B treatment,,
NCT04781855,General blood malignancies,Leukaemia, chronic lymphocytic (CLL),Non-Hodgkin lymphoma (NHL)
NCT04782791,Stomach cancer,,,
NCT04785287,Lung cancer,Solid tumour indications,Hepatoma, liver cancer
NCT04785820,Oesophageal cancer,,,
NCT04787991,Pancreatic cancer,,,
NCT04793737,Melanoma,,,
NCT04794010,Non-small cell lung cancer (NSCLC),,,
NCT04801966,General cancer indications,,,
NCT04803877,Bone cancer (Osteosarcoma),Bone cancer (Osteosarcoma),Bone cancer (Osteosarcoma),
NCT04804696,Oesophageal cancer,,,
NCT04808999,Squamous cell carcinoma,,,
NCT04810078,Renal cell carcinoma (RCC),,,
NCT04817254,Glioblastoma multiforme,Glioma,Glioma,
NCT04823403,Hepatoma, liver cancer,,
NCT04825873,Non-small cell lung cancer (NSCLC),Head & neck cancers,,
NCT04831320,Head & neck cancers,,,
NCT04833257,Head & neck cancers,,,
NCT04839471,Oesophageal cancer,,,
NCT04840589,Solid tumour indications,Solid tumour indications,Fallopian tube cancer,Ovarian cancer
NCT04840615,Mesothelioma,,,
NCT04845139,Non-Hodgkin lymphoma (NHL),Non-Hodgkin lymphoma (NHL),Non-Hodgkin lymphoma (NHL),
NCT04848116,Head & neck cancers,,,
NCT04850755,Solid tumour indications,Solid tumour indications,,
NCT04855422,Organ rejection,,,
NCT04858204,Non-small cell lung cancer (NSCLC),,,
NCT04860076,Melanoma,Lung cancer,,
NCT04863885,Bladder cancer,,,
NCT04866654,Hodgkin lymphoma,,,
NCT04866862,Colorectal cancer,,,
NCT04871594,Bladder cancer,,,
NCT04875585,Non-small cell lung cancer (NSCLC),,,
NCT04875611,Head & neck cancers,,,
NCT04876313,Bladder cancer,,,
NCT04879316,Non-small cell lung cancer (NSCLC),,,
NCT04879368,Oesophageal cancer,Stomach cancer,,
NCT04884282,Non-small cell lung cancer (NSCLC),,,
NCT04887194,Solid tumour indications,,,
NCT04887870,Solid tumour indications,,,
NCT04891055,Renal cell carcinoma (RCC),,,
NCT04891718,Solid tumour indications,,,
NCT04891770,Hepatitis B treatment,,,
NCT04892043,Solid tumour indications,,,
NCT04895709,Cervical cancer,Stomach cancer,Colorectal cancer,Non-small cell lung cancer (NSCLC)
NCT04899921,Melanoma,Melanoma,,
NCT04901988,Melanoma,Melanoma,,
NCT04902040,Bladder cancer,Non-small cell lung cancer (NSCLC),Solid tumour indications,Melanoma
NCT04902443,Kaposi's sarcoma,,,
NCT04904185,Melanoma,,,
NCT04904302,Renal cell carcinoma (RCC),Renal cell carcinoma (RCC),,
NCT04907539,Colorectal cancer,,,
NCT04908566,Stomach cancer,,,
NCT04909164,Non-small cell lung cancer (NSCLC),,,
NCT04909684,Non-small cell lung cancer (NSCLC),,,
NCT04910347,Head & neck cancers,,,
NCT04912765,Hepatoma, liver cancer,Hepatoma, liver cancer
NCT04913025,Renal cell carcinoma (RCC),Melanoma,,
NCT04913922,Leukaemia, acute myeloid (AML),,
NCT04926168,Glioblastoma multiforme,,,
NCT04929028,Anal cancer,Anal cancer,Anal cancer,HIV treatment
NCT04929041,Non-small cell lung cancer (NSCLC),Lung cancer,Lung cancer,Lung cancer
NCT04930783,Melanoma,Melanoma,,
NCT04933903,Non-small cell lung cancer (NSCLC),,,
NCT04936399,Oesophageal cancer,,,
NCT04938232,Hodgkin lymphoma,Hodgkin lymphoma,Hodgkin lymphoma,
NCT04938609,Head & neck cancers,Head & neck cancers,,
NCT04940299,Melanoma,Bladder cancer,Non-small cell lung cancer (NSCLC),Bladder cancer
NCT04943900,Solid tumour indications,,,
NCT04949113,Melanoma,,,
